{
	"display": {
		"icon": {
			"item": "minecraft:red_bed"
		},
		"title": "Multiplayer Sleep   ",
		"description": ["",{"text":"Not all players in the overworld must sleep to skip the night and the rain.\n","color":"gold"},{"text":"Enter","color":"green"},{"text":" ","color":"gold"},{"text":"/trigger mpSleep","color":"yellow"},{"text":" for details and personal settings.\n","color":"gold"},{"text":"Enter","color":"green"},{"text":" ","color":"gold"},{"text":"/function multiplayer_sleep:config","color":"yellow"},{"text":" for config options.","color":"gold"}],
		"show_toast": false,
		"announce_to_chat": false
	},
    "parent": "ausmp:root",
	"criteria": {
		"tick": {
			"trigger": "minecraft:tick"
		}
	}
}
